2;Haleluja, všichni zpívají;2022_01_02;2024_02_18;
3;Chvalte služebníci;2022_01_02;2024_09_01;2025_06_29;
5;Jak úžasný Bůh;2022_01_02;2023_01_08;2023_12_31;2024_06_02;2024_08_04;
5;Hlahol zem Pánu;2022_01_02;2022_07_17;2023_03_26;2024_12_29;2025_07_27;
8;Hospodin kraluje;2022_01_02;2022_08_21;2023_10_15;2024_02_18;2024_05_05;2024_11_03;2024_12_01;2025_04_06;
6;Telefon;2022_01_02;2022_01_09;2022_01_16;2022_01_23;2022_01_30;2022_02_13;
4;Naplňuj mne Duchem svým;2022_01_02;2023_05_28;2023_11_05;2024_04_21;
3;Chvála;2022_01_02;2023_01_22;2023_10_15;
4;Díky;2022_01_09;2022_09_25;2023_10_15;2024_08_11;
3;Větší je náš Bůh;2022_01_09;2024_04_14;2024_11_10;
9;Věřím, Tobě věřím;2022_01_09;2022_12_04;2023_09_17;2024_03_03;2024_06_29;2024_08_04;2024_11_03;2024_11_10;2025_09_07;
2;Máš teď srdce mé;2022_01_09;2024_09_01;
6;Ztišením se sluší Tebe chválit;2022_01_09;2022_09_25;2023_06_25;2024_06_16;2024_08_11;2025_02_23;
2;Díky za Tvůj kříž;2022_01_09;2022_08_21;
1;Ať dobrý Bůh je stále s vámi;2022_01_09;
4;Jen Tobě patří chvála;2022_01_16;2023_02_05;2023_06_04;2024_06_23;
1;Zář tváře tvé;2022_01_16;
5;Kdo zna mě líp;2022_01_16;2022_09_25;2023_05_14;2024_02_04;2025_02_09;
9;Mou cestu v rukou máš;2022_01_16;2022_08_21;2021_02_21;2023_07_30;2023_07_30;2024_04_14;2024_08_04;2024_10_20;2025_01_05;
5;Můj Bůh je můj štít;2022_01_16;2023_01_29;2023_08_13;2024_06_23;2025_05_24;
2;Můj Pán je se mnou;2022_01_16;2023_02_05;
2;534 Požehnání s vámi zůstává;2022_01_16;2022_07_31;
1;Zpívej haleluja;2022_01_16;
3;Vzhůru, pojďme k vodám;2022_01_23;2022_09_11;2023_07_23;
4;Nádherný (Lovely Lord);2022_01_23;2023_09_10;2024_09_01;2025_02_11;
4;Kéž políbíš;2022_01_23;2022_12_11;2023_08_13;2023_12_10;
8;Chvalozpěv bez názvu - TJD60;2022_01_23;2022_07_31;2022_11_27;2023_03_05;2023_09_10;2023_12_17;2025_12_01;2025_03_30;
2;Vzdáváme ti chválu;2022_01_23;2024_04_07;
2;Nám Pane dal jsi slovo své;2022_01_23;2023_08_06;
7;Za to, že v stromech;2022_01_23;2022_05_22;2022_12_04;2023_07_23;2024_04_07;2024_07_28;2025_11_23;
2;Tvůj lid tu čeká;2022_01_30;2024_01_21;
3;Zpívejte Hospodinu píseň novou;2022_01_30;2023_01_15;2023_07_23;
4;Vzývám_by_Sourozenci;2022_01_30;2022_05_22;2023_07_23;2024_04_07;
4;Kvůli nám;2022_01_30;2023_05_07;2023_09_24;2025_04_13;
1;Ježíš, nejkrásnější ze všech jmen;2022_01_30;
3;Jen v Tebe důvěru mám;2022_01_30;2025_01_05;2025_10_26;
2;Všichni otcové a mámy;2022_01_30;2023_02_19;
10;Ó Pane, otevři mé rty;2022_02_06;2022_03_27;2022_05_22;2023_05_14;2023_10_29;2024_04_21;2024_06_29;2024_10_13;2024_11_10;2025_07_27;
6;Otče chválím, jméno Tvé posvěcené;2022_02_06;2022_07_31;2023_03_05;2024_04_21;2024_11_03;2025_03_23;
3;Kdopak je nám nejdražší;2022_02_06;2022_09_11;2025_06_22;
7;Není vždy slunce na obloze;2022_02_06;2022_09_04;2023_01_29;2024_04_21;2024_09_15;2025_02_02;2025_09_28;
4;My jsme zde ve jménu Krále králů;2022_02_06;2023_02_19;2023_08_13;2025_03_23;
3;Lásky hrad;2022_02_06;2022_03_20;2025_6_1;
5;Celé věky čekaly;2022_02_06;2023_06_11;2024_03_17;2024_05_26;2025_04_13;
4;Proč bych neměl vesel být;2022_02_06;2023_10_29;2024_04_28;2024_10_20;
1;Chci oslavovat, svého Pána;2022_02_13;
1;Le Devleskri zor;2022_02_13;
1;Bože, Otče, divím se, jak;2022_02_13;
3;Obklop mě (Jako řeka);2022_02_13;2022_09_18;2025_11_23;
3;Vzyvam Tvoje svate jmeno-CS103;2022_02_13;2024_10_27;2025_07_07;
7;S každým trápením -TJD79;2022_02_13;2022_06_26;2023_07_23;2024_01_21;2024_06_23;2024_10_06;2025_11_16;
2;Skrze Něj;2022_02_13;25_0;
3;Odpusť;2022_02_20;2023_01_15;2024_02_11;
4;Ježíš je má skála;2022_02_20;2024_01_07;2025_09_07;2025_11_23;
14;Hoden je Beránek;2022_02_20;2022_06_19;2022_12_04;2023_03_12;2023_06_04;2023_10_29;2024_01_28;2024_05_05;2024_05_12;2024_09_22;2024_10_13;2025_12_01;2025_09_07;2025_11_16;
1;Rád Tě mám;2022_02_20;
4;Králi, milost nám dej;2022_02_20;2022_11_06;2023_05_07;2024_01_21;
3;Houdajdůhou;2022_02_20;2022_02_27;22_03_06;
5;Veď mě z vnějších nádvoří;2022_02_20;2023_04_30;2024_03_03;2024_07_07;2024_09_15;
7;Hlas zvonů;2022_02_20;2022_09_25;2022_12_11;2023_06_04;2023_10_15;2023_12_10;2024_08_04;
6;Pojď, teď je ten čas;2022_02_27;2022_08_21;2023_09_10;2024_01_07;2024_11_10;2025_6_1;
6;166 Vítězi k poctě zpívejme;2022_02_27;2022_04_17;2023_01_08;2023_04_09;2023_12_31;2025_04_20;
5;Všechno, co by sis přál;2022_02_27;2022_07_31;2023_02_05;2025_03_09;2025_04_06;
6;Požehnaný;2022_02_27;2022_08_14;2023_04_16;2023_12_10;2024_02_25;2024_07_21;
5;Zpívat píseň lásky smím;2022_02_27;2023_02_05;2023_10_01;2023_10_01;2024_05_05;
3;Laudato sii;2022_02_27;2023_02_05;2024_06_16;
2;Chvalte Pána;2022_02_27;2025_10_12;
3;Všichni jako ovce jsme zabloudili;22_03_06;2023_02_19;2023_03_26;
3;El Shaddai;22_03_06;2024_05_26;2025_04_20;
5;Hle, stojím u dveří a tluču;22_03_06;22_05_01;2023_03_26;2024_03_17;2025_01_05;
6;Milujeme, ač nevidíme;22_03_06;2022_11_06;2023_06_11;2024_02_11;2024_05_26;2024_09_01;
2;Ty jsi král;22_03_06;2024_06_29;
3;Vstal a  myl (Katka);22_03_06;2023_09_24;2024_02_11;
2;Proč jen mlčíš, Pane;22_03_06;2025_19_10;
5;Chvalte Hospodina (všichni národové);2022_03_13;2022_08_21;2024_04_07;2024_10_13;2024_10_20;
6;Ať požehnán je Bůh;2022_03_13;2022_04_03;2023_01_22;2023_10_15;2023_12_24;2025_01_05;
3;Tys opustil svůj majestát;2022_03_13;2022_11_27;2023_09_10;
3;Úžasný Bůh;2022_03_13;22_05_01;2025_09_28;
1;Má duše žíznivá;2022_03_13;
1;Motýlek;2022_03_13;
3;Jdi a pozdvihuj klesajici-CS111;2022_03_13;2023_05_07;2023_11_12;
2;Kdo bude v nebi žít;2022_03_13;2023_09_10;
4;Všichni žízniví, pojďte k vodám;2022_03_20;2023_03_19;2023_04_02;2023_11_05;
4;Je psáno;2022_03_20;2023_03_19;2023_04_02;25_0;
6;S námi je Bůh;2022_03_20;2023_01_22;2023_03_19;2023_04_02;2024_07_07;2025_05_11;
5;Naplň nás, Pane, milostí;2022_03_20;2023_03_19;2023_04_02;2023_11_19;2024_03_03;
4;Miluju Tě Pane;2022_03_20;2023_03_19;2023_04_02;2024_05_12;
4;Apoštolská;2022_03_20;2023_03_19;2023_04_02;2023_10_21;
6;Požehnání Všemohoucího;2022_03_20;2023_03_19;2023_04_02;2023_09_03;2024_03_03;2025_01_19;
8;Králi můj, Tebe hledám;2022_03_20;2023_07_23;2024_01_07;2024_05_12;2024_06_16;2024_07_14;2025_05_11;2025_08_10;
5;Do tvých starostí;2022_03_20;2023_09_03;24.12.20232;2024_08_11;2024_09_29;
4;Spravedlivy je Buh nas;2022_03_20;2022_11_27;2023_12_17;2024_06_23;
6;Kéž má duše žije;2022_03_27;2022_09_18;2023_05_14;2024_02_04;2024_07_28;2024_11_24;
7;Bůh silný můj jsi Ty;2022_03_27;2022_05_22;2023_09_03;2023_10_21;2023_12_10;22_12_2024;2025_03_09;
4;Bůh je síla má;2022_03_27;2023_09_03;2024_07_14;25_0;
2;Buď pokoj branám tvým;2022_03_27;2025_06_22;
3;Pojďte ke mně všichni;2022_04_03;2024_03_17;2025_05_04;
4;Volám haleluja;2022_04_03;2022_11_06;2023_11_12;2024_03_31;
6;Přišel na zem konat dílo spásy;2022_04_03;2023_01_08;2023_04_16;2023_12_31;2024_02_25;2024_07_21;
14;Duchu svatý, přijď;2022_04_03;2022_06_05;2022_06_05;2022_12_18;2023_05_28;2023_09_10;2023_12_24;2024_05_19;2024_10_20;2024_11_24;2025_01_05;2025_01_19;2025_02_11;2025_12_14;
1;Do kostela v džínách s nanana;2022_04_03;
6;Tvé svaté jméno;2022_04_03;2022_09_11;2023_07_30;2023_07_30;2024_06_09;2024_10_06;
1;Zvednem se a jedem;2022_04_03;
3;Pojďme díky vzdávat;2022_04_10;2023_08_20;2025_01_19;
2;Když lid můj, který zná jméno mé;2022_04_10;2023_02_26;
5;Jsi slávy Král;2022_04_10;2023_03_12;2023_06_04;2024_01_28;2024_11_24;
3;Pane přijď;2022_04_10;2022_12_04;2024_04_21;
5;Pane Bože, přijď k nám;2022_04_10;2023_04_30;2024_07_07;2024_07_28;2025_01_26;
2;Koukni do zrcadla;2022_04_10;2022_05_22;
5;Při mně stůj;2022_04_10;2022_06_26;2023_07_30;2023_07_30;2025_11_16;
3;Tam, kde slunce vychází;2022_04_10;2023_04_30;2024_07_07;
2;154 Buď tobě sláva jenž jsi z mrtvých vstal;2022_04_17;2023_04_09;
4;Tma prohrála, den zvítězil;2022_04_17;2023_04_09;2024_03_31;2025_09_21;
2;Je dokonáno;2022_04_17;2023_04_09;
1;Tys za nás šel;2022_04_17;
2;Hej už víš, že Ježíš v hrobě nezůstal;2022_04_17;2025_04_20;
2;Ty jsi chléb živý;2022_04_17;2023_04_09;
4;Šly zrána ke hrobu;2022_04_17;2023_04_09;2024_03_31;2025_04_20;
6;Kde se křesťané;2022_04_24;2023_02_19;2023_11_12;2024_02_04;2025_02_23;2025_08_17;
4;Jezis pritel hrisnych-TJD8;2022_04_24;2023_03_12;2023_06_04;2024_01_28;
1;Duchu Svaty prijd-CS9;2022_04_24;
6;Jak vzduch co dychat smim-TJD62;2022_04_24;2022_09_04;2023_03_12;2023_06_04;2024_01_28;2025_12_01;
1;Smím;2022_04_24;
1;Daniel;2022_04_24;
3;Můj veliký;2022_04_24;2023_07_23;2025_11_23;
2;Jsem všechno, co nemáš;2022_04_24;2025_19_10;
11;Přijď již, přijď Duchu Stvořiteli;22_05_01;2022_06_05;2022_06_05;2023_05_28;2023_11_19;2024_05_19;2024_07_14;2025_01_26;2025_06_08;25_0;2025_09_14;
2;Světem běžím dál;22_05_01;2023_11_19;
6;Ty jsi mi vším-TJD89;22_05_01;2023_07_09;2024_06_09;2024_09_15;2025_05_04;2025_11_09;
6;Před Tebou smím pokleknout;22_05_01;2021_02_21;2022_11_13;2023_03_26;2024_06_02;2024_11_10;
1;Lidé všech národů (Neratovice);22_05_01;
6;Děkuj mu;22_05_01;2023_01_22;2023_10_15;2025_01_19;2025_04_13;2025_10_12;
3;Bratry, sestry potkávám;22_05_01;2021_02_21;2023_08_13;
1;Do stínu křídel Tvých se ukrývám;2022_05_22;
3;Kde jsme slabí;2022_05_22;2023_05_14;2024_02_04;
4;Nyní pokloňme se;2022_05_22;2023_06_11;2024_01_07;2024_04_28;
2;Modlitba krále Šalomouna;2022_05_29;2023_01_15;
2;Tobě, Králi, chválu vzdávám;2022_05_29;2023_07_09;
4;Nikdy nekončící milost;2022_05_29;2023_08_06;2024_03_17;2024_08_11;
5;Modlitba (Vyuč mě, Pane můj);2022_05_29;2023_02_19;2023_08_20;2024_05_12;2025_10_12;
2;Křídla holubice mít;2022_05_29;2023_11_19;
2;Koho včelky chválí;2022_05_29;2025_03_30;
2;Nejkrásnější chvíle;2022_05_29;2024_10_27;
5;Rájem;2022_05_29;2022_10_23;2023_03_05;2023_11_12;2025_04_06;
3;Duch svatý je Pán;2022_06_05;2022_06_05;2024_05_19;
8;Ať Tvá živá voda;2022_06_05;2022_06_05;2022_07_17;2022_12_18;2023_05_28;2023_11_12;2024_03_17;2024_11_17;
6;Zde stojím;2022_06_05;2022_06_05;2022_09_11;2023_02_05;2023_09_17;2023_10_29;
3;Přemýšlej, děkuj a služ;2022_06_05;2022_06_05;2025_02_02;
4;Divné to věci dnes;2022_06_05;2022_06_05;2023_05_28;2024_05_19;
1;001 - Bože, Tebe chválíme;2022_06_05;
6;Kristus kraluje;2022_06_12;2023_01_29;2023_08_13;2023_11_12;2024_05_12;2025_04_27;
7;Ať srdce mé Tebe vídá;2022_06_12;2023_01_15;2023_06_25;2023_11_05;2024_11_24;2025_05_11;2025_11_16;
4;Ty moje duše chval Boha;2022_06_12;2023_10_01;2023_10_01;2024_08_11;
3;Někdy se zdá;2022_06_12;2025_03_09;2025_09_14;
2;Vyvyšuju Tebe, Pane;2022_06_12;2024_06_23;
7;Bůh za mě zápas dokončí;2022_06_12;2023_03_05;2023_10_29;2024_03_17;2024_05_26;2025_09_21;2025_10_26;
7;47 Plné ruce plná ústa díků;2022_06_12;2023_01_29;2023_06_04;2024_07_28;2025_01_05;2025_04_27;2025_11_09;
1;Ty jsi hoden Pane Boze nas-CS98;2022_06_19;
4;Ty jsi útočiště mé;2022_06_19;2022_11_13;2023_09_10;2025_03_23;
1;Pane můj, Tys můj spasitel;2022_06_19;
1;Reka Tve lasky-TJD30;2022_06_19;
1;Ty jsi jediny Buh-CS144;2022_06_19;
2;Vzdejme cest-CS102;2022_06_19;2024_12_08;
7;Haleluja, sláva, čest;2022_06_26;2023_07_30;2024_01_21;2024_05_12;2024_10_06;2025_09_21;2025_12_28;
6;Hospodin je můj pastýř;2022_06_26;2023_05_07;2024_04_07;2024_09_22;2025_01_26;2025_03_30;
3;Zase k tobě volám;2022_06_26;2022_07_17;2025_02_02;
1;Přijď, Pane;2022_06_26;
2;Báječnej bál;2022_06_26;2024_12_15;
1;Chválu vzdejte, vyzpívejte;2022_07_10;
7;Tvoje jméno vyznávám-TJD40;2022_07_10;2023_04_30;2024_03_03;2024_03_31;2024_07_07;2024_10_06;2024_10_20;
2;Probud se, probud;2022_07_10;2024_04_28;
5;Tvůj plamen;2022_07_10;2023_04_30;2024_03_03;2024_07_07;2025_11_09;
3;Tak, jak jsi slíbil;2022_07_10;2023_07_09;2024_10_06;
4;Jsme děti Tvé;2022_07_10;2023_02_19;2023_06_04;2023_09_17;
7;Pokoj vám;2022_07_10;2023_02_05;2023_07_30;2023_07_30;2024_01_07;2024_04_21;2025_09_28;
1;Verim tobe verim-CS179;2022_07_17;
1;O Otce moje srdce strada-CS126;2022_07_17;
5;Dáváš mi lásku vzácnou;2022_07_17;2023_09_03;2024_08_04;25_0;2025_12_21;
5;Na hlubinu zajeď;2022_07_17;2022_12_11;2023_02_26;2023_12_10;2024_09_15;
3;Veď mne, Pane můj;2022_07_31;2023_03_05;2023_10_29;
4;Ty jsi Pánem všech mých dní;2022_07_31;2023_03_05;2024_06_09;2025_02_11;
5;Opatruj mě;2022_07_31;2022_12_18;2023_03_05;2023_12_24;2024_09_29;
1;Zde ruce mé;2022_07_31;
8;Otevřete brány hradeb kamenných;2022_08_14;2022_11_27;2023_06_11;2023_12_17;2024_03_24;2024_12_15;22_12_2024;2025_11_29;
2;Počátkem léta;2022_08_14;2024_04_28;
5;Maranatha!;2022_08_14;2022_12_04;2023_12_17;2024_04_28;2024_11_17;
6;Před Božím trůnem v nebesích;2022_08_14;2023_01_29;2023_06_04;2024_03_31;2024_09_29;2025_05_04;
2;Slyším;2022_08_14;2024_01_07;
6;Rok za rokem;2022_08_14;2022_12_18;2023_04_16;2023_12_24;2024_02_25;2024_07_21;
2;Hospodin je světlo;2022_08_21;2025_02_23;
5;533 Král věčný nás požehnej;2022_08_21;2023_03_12;2024_01_28;2025_03_30;2025_05_11;
2;Blízkým i dalekým;2022_09_04;2023_11_05;
5;Rozjasni svou tvář;2022_09_04;2023_04_16;2024_02_25;2024_07_21;2025_02_02;
5;Řeka Tvé lásky (I Could Sing Of Your Love);2022_09_04;2023_04_16;2024_02_25;2024_07_21;2025_04_06;
2;Ó Hospodine, jsi má skrýš;2022_09_04;2023_08_06;
1;Buď Pán Bůh oslaven;2022_09_04;
3;Vostnatej drát;2022_09_04;2024_01_21;2025_05_24;
5;Pokořme své srdce-TJD26;2022_09_11;2022_11_13;2023_07_30;2023_07_30;2024_04_28;
1;385 Učiň mne Bože světélkem;2022_09_11;
3;Kéž je nám Bůh milostiv;2022_09_11;2023_08_20;2024_05_12;
1;Vždycky když tě Pane slyším - kdo mi odpustí;2022_09_18;
3;Můj Pán všechny svolá;2022_09_18;2022_12_18;2023_12_24;
2;Ježíši přijď;2022_09_18;2021_02_21;
2;Nám, Pane, dal jsi slovo své;2022_09_18;2025_6_1;
4;Kdo mě z pout mých;2022_09_18;2023_05_14;2024_02_04;2025_05_24;
4;Vyhlížím Tvou tvář;2022_09_25;2023_08_13;2023_11_05;2025_11_09;
5;Jsme Tvůj lid;2022_09_25;2023_03_12;2023_06_04;2024_01_28;2024_06_02;
3;Dotýkáš se mocí;2022_09_25;2023_08_06;2024_08_04;
3;Zde jsem-TJD47;2021_02_21;2023_02_26;2025_07_07;
2;S každým trápením;2021_02_21;2023_02_26;
3;Kříž (trním a blátem);2021_02_21;2024_07_28;2025_02_02;
2;Má duše Boha velebí;2022_10_16;2024_12_29;
1;De profundis (z hlubokosti);2022_10_16;
4;Tvé světlo, Pane;2022_10_16;2023_01_29;2023_07_09;2024_06_09;
2;352 Tobě Pane dík že dal jsi perlu krásnou;2022_10_16;2025_11_29;
3;Radostí jsi mou;2022_10_16;2023_10_15;2024_06_09;
3;Dokonalé město;2022_10_16;2023_10_01;2023_10_01;
6;Doufej v Hospodina;2022_10_16;2023_09_17;2024_03_24;2024_04_14;2024_12_15;2025_11_16;
3;Vzdejme Pánu díky;2022_10_16;2023_10_21;2025_11_23;
7;Otče můj drahý;2022_10_16;2023_10_21;2024_03_24;2024_06_29;2024_11_10;2025_01_26;2025_09_14;
3;Vše co mohu dát je chvála;2022_10_16;2022_11_20;2025_02_09;
3;Ty jsi Pán;2022_10_23;2023_09_17;2024_04_07;
8;Raduje se všechen Boží lid;2022_10_23;2022_12_11;2023_04_16;2023_12_10;2024_02_25;2024_03_24;2024_07_21;2025_09_21;
3;Půjdeš-li pouští;2022_10_23;2024_04_28;2025_06_29;
3;Chválím a vzývám jméno Tvé;2022_10_23;2023_09_03;2024_09_22;
4;Svatý, svatý, svatý je Pán Bůh zástupů;2022_10_23;2023_10_01;2023_10_01;2024_06_09;
4;V čas úzkosti;2022_10_23;2023_10_01;2023_10_01;2025_05_11;
3;Nyni poslouchejte hlas muj;2022_11_06;2023_10_01;2023_10_01;
1;Víc lásky, víc moci;2022_11_06;
6;Když v bouřích žití znaven;2022_11_06;2023_03_12;2023_06_04;2024_01_28;2024_08_04;2025_10_12;
2;Vyvýšený jsi Pán;2022_11_06;2024_10_27;
2;At srdce me Tebe vida-TJD2;2022_11_13;2024_04_14;
6;Chválu vzdejte Hospodinu;2022_11_13;2022_12_04;2023_09_03;2024_09_22;2024_10_13;2025_07_07;
1;Jezisi, diky za Golgotsky kriz (blansko;2022_11_13;
1;Pozehnan bud Hospodin-CS87;2022_11_13;
1;Nyní pokloňme se-ZCh149;2022_11_13;
1;Řeka Tvé lásky;2022_11_13;
5;Zaradoval jsem se;2022_11_20;2023_10_01;2023_10_01;2024_06_02;2025_11_16;
4;Před tebou;2022_11_20;2023_04_16;2024_02_25;2024_07_21;
1;Tvý srdce chci mít;2022_11_20;
2;Tobě králi toužím;2022_11_20;2023_09_24;
1;Myslete na Kanaán;2022_11_20;
2;Ti, kdo Pána čekají;2022_11_20;2023_07_09;
3;Advent - první;2022_11_27;2024_12_01;2025_11_29;
6;Hospodine, nade mnou se smiluj;2022_11_27;2023_08_13;2023_12_17;2024_02_18;2025_12_01;2025_09_14;
4;Přítomnost;2022_11_27;2023_12_17;2024_12_29;2025_03_23;
3;Advent - druhý;2022_12_04;2023_12_10;2025_12_07;
2;Advent - třetí;2022_12_11;2023_12_17;
5;Dobrořeč duše má Hospodinu;2022_12_11;2023_11_05;2024_10_13;2025_09_07;2025_10_26;
3;Přijmi, Pane;2022_12_11;2023_12_10;25_0;
3;Advent - čtvrtý;2022_12_18;2023_12_24;22_12_2024;
6;Lid, který chodí v temnotách;2022_12_24;2023_12_25;2024_11_03;2024_12_01;2025_12_07;2025_12_24;
1;Byla cesta, byla ušlapaná;2022_12_24;
1;Poslouchej (vánoční);2022_12_24;
4;Před Tebou, temno ztrácí;2022_12_24;2023_06_25;2024_12_24;2025_12_07;
2;Jméno zná i král;2022_12_24;2025_12_25;
4;Narodil se Kristus Pán;2022_12_24;24.12.20232;2023_12_25;2024_12_24;
2;Aj, dnes v Betlémě;2022_12_25;24.12.20232;
4;Duše má velebí Pána;2022_12_25;24.12.20232;2025_12_25;2025_12_24;
2;Zázrak;2022_12_25;24.12.20232;
2;Sklání se Bůh;2022_12_25;22_12_2024;
4;Vánoční;2022_12_25;2025_12_25;2024_12_29;2025_12_24;
1;Pastýři;2022_12_25;
1;129 Tam v jeslích na slámě;2022_12_25;
5;Dnes jásejte věrní;2022_12_25;24.12.20232;2023_12_25;2025_12_25;2025_12_28;
2;Cesta do Betléma;2022_12_25;2025_12_28;
2;Ten večer;2022_12_25;24.12.20232;
4;Hospodin, jen Hospodin;2023_01_08;2023_06_04;2023_12_31;2025_11_29;
7;Ty jsi jediný Bůh;2023_01_08;2023_07_09;2023_12_31;2024_05_05;2024_10_06;2024_10_20;2025_12_21;
1;Tam k výšinám v02;2023_01_08;
3;Spoj nás v jedno;2023_01_08;2023_12_31;2024_06_09;
2;Ježíši, můj Pane;2023_01_15;2023_06_04;
3;Pánů Pán;2023_01_15;2024_01_21;2024_04_21;
3;Bílá růže;2023_01_15;2023_11_05;2025_04_27;
1;Тиха ніч;2023_01_15;
6;Hoden jsi vzít;2023_01_22;2023_06_04;2024_03_03;2024_06_16;2024_12_01;2025_03_23;
8;Tady u tvých nohou;2023_01_22;2023_05_28;2023_07_09;2023_11_12;2024_05_19;2024_10_20;2025_19_10;2025_12_14;
2;331 Tak jaký jsem ae nemám nic;2023_01_22;2025_03_09;
2;Buď pokoj branám tvým Jeruzaléme;2023_01_29;2024_03_17;
3;Ježíš, Ježíš je Pán;2023_02_19;2023_09_24;2024_08_11;
4;Vzývám Tvoje svaté jméno;2023_02_26;2025_04_27;2025_06_29;2025_09_07;
3;Ty sám mi vladni;2023_02_26;2023_10_21;2025_12_01;
1;Děti v Africe;2023_02_26;
1;Já mám tě rád;2023_02_26;
1;Kriz (trnim blatem);2023_03_26;
2;Krížová cesta;2023_03_26;2025_04_13;
4;Přijď Duchu svatý k nám;2023_03_26;2024_06_23;2024_09_15;2025_06_08;
4;Marie Magdalena;2023_04_09;2023_09_24;2024_03_31;2025_04_20;
1;Immanuel (Se vsim co mam)-CS156;2023_04_23;
1;Nekdy se zda;2023_04_23;
1;Rozlomte zamky bran;2023_04_23;
1;Ty jsi Buh;2023_04_23;
1;Ukryta;2023_04_23;
1;Vic lasky vic moci-TJD46;2023_04_23;
1;Kde jsme slabi-CS188;2023_04_23;
2;Svatý, svatý je Pán Bůh zástupů;2023_04_30;2024_07_07;
4;Tvoje krev;2023_04_30;2024_02_11;2024_03_03;2024_07_07;
2;Jsem ti blízko;2023_05_07;2025_09_14;
3;Poslední večeře;2023_05_07;2024_01_07;2024_03_31;
1;Jericho text zluty zpevnik;2023_05_07;
3;Kdo na kolenou klečí;2023_05_14;2024_02_04;2024_09_01;
5;Kdo jsem ja;2023_05_14;2023_09_24;2024_02_04;2024_07_14;2025_06_29;
2;Veni Spiritus Sancte;2023_05_28;2024_05_19;
2;Otče náš, jenž jsi na nebesích;2023_06_11;2023_11_19;
2;Každý den;2023_06_25;2024_09_22;
1;Confitemini Domino;2023_06_25;
1;Zůstaňte;2023_06_25;
1;Ó přijď, Pane můj;2023_06_25;
1;Jen Ty, Pane můj, jen Tys můj štít;2023_07_30;
2;Haleluja slava cest II.-CS107;2023_07_30;22_12_2024;
1;Jen ty, pane můj;2023_07_30;
1;89 Nad všechny klenoty;2023_08_06;
2;Toužím, po Tobě toužím;2023_08_06;2024_10_06;
4;Zůstaň s námi, Pane, když se stmívá;2023_08_06;2024_02_18;2025_01_26;2025_08_10;
1;O pokání;2023_08_20;
1;Chvalte Hospodina z nebes;2023_08_20;
3;Znám Tě tak málo;2023_08_20;2025_06_08;2025_09_14;
1;Beránku, vzdáváme ti čest;2023_08_20;
1;Kvůli Tobě;2023_09_17;
2;Immanuel (Se vším, co mám);2023_09_17;2024_02_11;
2;Vejdi pod střechu;2023_09_17;2025_03_23;
1;Chci jít za Tebou;2023_09_17;
1;Chval písní Pána Ježíše;2023_09_24;
1;Kdo stvořil;2023_10_01;
1;Kvůli nám (nad všechny krále-TJD12;2023_10_8;
1;Mou cestu v rukou máš-TJD17;2023_10_8;
1;Kdopak je nam nejdrazsi-CS117;2023_10_8;
2;Zpívat píseň lásky smím-TJD49;2023_10_8;2024_10_27;
1;Vyvysuju Tebe Pane-CS55;2023_10_8;
2;S kazdym trapenim;2023_10_8;2024_07_14;
1;Jsi majákem;2023_10_8;
1;306 Z tvé ruky Pane můj;2023_10_8;
4;Chci nést svůj kříž;2023_10_21;2024_01_21;2024_11_03;2025_04_20;
2;Ucin me pane nastrojem;2023_10_21;2025_02_02;
3;Hospodine, kdo je podobný tobě;2023_10_29;2024_09_22;2025_02_23;
2;Jen Ty jsi hoden;2023_11_19;2025_05_04;
1;Bůh;2023_11_19;
2;Na slámě ustláno;2023_12_25;2025_12_25;
3;Betlémská hvězda;2023_12_25;2025_12_25;2025_12_28;
2;Z Betlema se ozyva;2023_12_25;2024_12_24;
1;Poslal Bůh anděla;2023_12_25;
1;Čas radosti veselosti;2023_12_25;
2;Vítr se ztiší;2023_12_25;2025_12_25;
1;Tichá noc;2023_12_25;
1;Vánoční prosba;2023_12_25;
2;Kampak to spěcháte pastýřové;2023_12_25;2025_12_25;
1;Doba se nam dopredu;2023_12_25;
3;Má víra;2023_12_31;2025_03_30;2025_08_17;
2;Ruach;2024_01_07;2024_05_19;
3;Otče náš nebeský;2024_02_11;2024_08_11;2025_05_18;
3;Effatha;2024_02_11;2024_04_07;2025_06_08;
1;Blahoslavení;2024_02_11;
1;Hříchy;2024_02_18;
1;Je klid a mir;2024_02_18;
1;Kdo chce dal;2024_02_18;
4;Zpívej, brzy už přijde Pán;2024_03_24;2024_12_15;2024_12_29;2025_12_07;
1;Nyní pokloňme se před králem;2024_03_24;
1;Hosanna (Už vidím krále slávy);2024_03_24;
2;Buď tobě sláva;2024_03_31;2025_04_20;
2;Kez ma duse zije;2024_04_14;2025_10_12;
1;Pujdes-li pousti;2024_04_14;
1;Rad te mam-CS46;2024_04_14;
4;Zde jsem (Here I Am To Worship);2024_05_05;2025_02_23;2025_04_13;2025_08_17;
1;Hospodine Hospodine kdo je podobny tobe;2024_05_05;
1;Pojdte ke mne vsichni;2024_05_05;
2;Oslavujte Hospodina, dobrý je;2024_05_26;2024_07_14;
4;Duhcu přijď Svatý přijď;2024_05_26;2024_06_02;2024_07_14;2025_06_22;
3;Sláva Tvá (Beránku můj);2024_05_26;2025_03_30;2025_09_28;
2;Nasyť duši ztrápenou;2024_05_26;2024_06_02;
1;Nadherny (Lovely Lord)-TJD73 (hlavni);2024_06_02;
2;Ty jsi, Hospodine, blízko;2024_06_16;2025_09_21;
2;Hospodina miluji;2024_06_16;25_0;
1;Neskládejte v mocných naději;2024_06_16;
2;Tvá krev;2024_06_23;2025_09_21;
1;Mé srdce;2024_06_29;
1;Jistota;2024_06_29;
1;Otce chvalim jmeno Tve posvecene-CS127;2024_07_28;
1;Tobě patří chvála;2024_07_28;
1;Dobrorec duse ma Hospodinu-CS66;2024_09_01;
2;Jen se dívej na ptáčky;2024_09_01;2025_04_13;
2;Láska Tvá na všech místech září;2024_09_15;2025_19_10;
1;Ježíš, přítel hříšných;2024_09_15;
2;Otevřme Písmo;2024_09_22;2025_05_11;
1;Byl člověk jako já;2024_09_29;
1;Úžasný Bůh, vesmíru vládce;2024_09_29;
4;Bůh je tak blízko;2024_09_29;2025_12_01;2025_02_02;2025_03_30;
1;Jericho;2024_09_29;
2;Pane můj, Ty jediný;2024_10_13;2025_07_07;
1;Ty sam Ty jsi duvod;2024_10_27;
1;Vyvysujeme Te;2024_10_27;
1;Tam k vysinam;2024_10_27;
1;Hoden jsi vzit-CS58;2024_10_27;
1;Hospodin jen Hospodin-CS15;2024_11_03;
1;Diky za Tvuj kriz-ZC15;2024_11_03;
1;Jak úžasná musí ta láska být;2024_11_03;
1;Nad nebem i zemí;2024_11_10;
2;Pojď teď je ten čas-TJD23;2024_11_17;2025_11_09;
2;Miluji Tě, Pane (Nejbližší jsi přítel můj);2024_11_17;2025_05_04;
1;Pocatkem leta;2024_11_17;
2;428 Blíž tobě Bože můj;2024_11_17;2025_06_22;
1;Mír na zemi daruj nám;2024_11_17;
1;Měl bych mít bílou hůl;2024_11_17;
2;Tví jsme my;2024_11_24;2025_05_24;
1;Vše odkládám (Já se vzdávám);2024_11_24;
1;Posila na cestu;2024_11_24;
1;Zní, zní, zní;2024_12_01;
2;Jen v Kristu mám;2024_12_01;2025_02_11;
1;Hvězda (CB Nera);2024_12_01;
1;188 Jaké místo máš pro Krista;2024_12_15;
1;Pojď ke mně blíž;22_12_2024;
1;Tobě Pane dík;22_12_2024;
1;Bim Bam;2024_12_24;
1;Tichá noc (koleda);2024_12_24;
1;Maria;2024_12_24;
1;Už proroctví Daniele;2025_12_25;
1;Lid ktery chodi v temnotach-CS118;2025_12_25;
1;Dobrou zprávu hlásej;2025_12_25;
1;Simeon;2024_12_29;
1;Rájem (Učedníci);2024_12_29;
2;Abakuk (I když fíkovník nevypučí);2025_01_05;2025_05_04;
1;Svatba v káni Galilejské;2025_01_05;
1;Hlahol Hospodinu;2025_12_01;
1;Den jak den;2025_01_19;
1;K Tobě volám;2025_01_19;
1;Dej mi Pane víru;2025_01_19;
1;Právě teď je chválit Pána čas;2025_01_26;
3;Neboj se člověče (Často já pocit mám);2025_01_26;2025_05_24;2025_06_29;
1;Byl srdcem služebník;2025_02_02;
3;Slunce Kristovy lásky;2025_02_09;2025_07_27;2025_09_21;
1;V Ježíši úkryt mám;2025_02_09;
3;Tys můj skalní štít a pevná tvrz;2025_02_09;2025_05_04;2025_08_10;
1;Na pastvách zelených (Ovečky);2025_02_09;
1;Já vyšel z města;2025_02_09;
1;Mne zajmi, Pame můj;2025_02_23;
1;Tobě patří chvála (Bob Fliedr);2025_02_23;
1;Vyvyšuji Tebe, Pane;2025_03_09;
1;Ve dlaních;2025_03_09;
2;208 Kristova krev a spravednost;2025_03_09;2025_04_13;
2;Trápení svá;2025_03_09;2025_11_23;
2;JSEM;2025_03_23;2025_08_10;
1;Vprostřed nás;2025_04_06;
1;Uzasny Buh;2025_04_06;
1;Chvalu vzdejte Hospodinu protoze-CS110;2025_04_06;
1;Stvoř ve mně srdce čisté;2025_04_20;
3;Jako dým kadidla stoupá;2025_04_27;2025_08_10;2025_11_23;
1;Pán z mrtvých vstal;2025_04_27;
1;Píseň svatého Františka;2025_04_27;
1;Čeká mě den;2025_05_11;
2;Z tvé ruky, Pane můj;2025_05_11;2025_08_10;
1;Kdo stvořil (Neratovice);2025_05_18;
2;Otvírám srdce dokořán;2025_05_18;2025_06_08;
1;Way Maker;2025_05_18;
1;Já sem Boži děcko;2025_05_18;
1;Oceány;2025_05_18;
1;Pán Bůh je láska;2025_05_24;
1;Cista jak studanka;2025_05_24;
1;Jen Tobe patri chvala-CS25;2025_6_1;
1;12 Pán Bůh je přítomen;2025_6_1;
1;Kvuli Tobe-CS78;2025_6_1;
1;399 Můj Pán mne pozval ke stolu svému;2025_6_1;
1;Volný jsem;2025_6_1;
1;226 Duše nám zemdlívá žízní;2025_06_08;
1;Veselý chvalozpěv  (Kéž bychom uměli);2025_06_08;
1;Чудова благодать;2025_06_15;
1;Яхве;2025_06_15;
1;Єшуа;2025_06_15;
1;Хто як ти!;2025_06_15;
2;Як рухався духом ти над водою;2025_06_15;2025_12_14;
1;З Ангелами в небі ми славим;2025_06_15;
1;Vše, co mohu dát je chvála;2025_06_22;
1;19 Pane ty mne znáš;2025_06_22;
1;17 Kéž bychom to uměli zpívat písně;2025_06_22;
1;Blízkost Tvé tváře;2025_06_29;
1;Reka Tve lasky-TJD30 (Lucien Sima's conflicted copy 2015-09-01);2025_07_07;
2;Mám spravedlnost, pokoj a radost;2025_07_07;2025_09_07;
1;Obklop me;2025_07_07;
1;445 Ó vezmi ruku moji a veď mne sám;25_0;
1;298 Důvěru měj v Pána;2025_07_27;
1;Dík, že nemusím žít jak dřív;2025_07_27;
1;Velekněžská (Můj Otče, hodina);2025_07_27;
1;Otče, můj drahý;2025_07_27;
1;The Everlasting Love;2025_08_03;
1;Joshua Fought the Battle of Jericho;2025_08_03;
1;Lean on me;2025_08_03;
1;Anchor for the Soul;2025_08_03;
1;My Lighthouse;2025_08_03;
1;My Salvation;2025_08_03;
1;Modlitba sv. Tomáše Mora;2025_08_10;
1;69 V milosti kraluje Hospodin;2025_08_10;
1;Je stále přítomná;2025_08_17;
2;Ztisenim se slusi Tebe chvalit-CS61;2025_08_17;2025_11_09;
1;350 Těš se v Bohu duše má;2025_08_17;
1;Já hledám stále dům svůj;2025_08_17;
1;Bohu pak chvála;2025_09_07;
1;Hudba doznívá;2025_09_07;
1;238 Nás, Hospodine;2025_09_14;
1;Bože, Otče na nebi;2025_09_28;
1;194 Oddejte se cele Pánu;2025_09_28;
1;Je lepší na skále;2025_09_28;
1;Pojdme diky vzdavat-CS85;2025_10_12;
1;Červíčku Jákobův;2025_10_12;
1;Stále chválit bych chtěl;2025_19_10;
1;Vděčnost;2025_19_10;
1;Nám se úsměv lehko tváří;2025_19_10;
1;Víru mám;2025_10_26;
1;Já svou víru v Tebe neztrácím;2025_10_26;
1;5 Buď Pánu čest;2025_02_11;
1;Žalm 8;2025_02_11;
1;Naberu dech a půjdu;2025_02_11;
1;537 Tvé požehnání dobrý Otče;2025_11_09;
1;Vodo života;2025_11_16;
1;Abba, Otče (Jsem jen tvůj);2025_11_29;
1;Blízko je Pán;2025_11_29;
1;Dobrořečte Hospodinu;2025_11_29;
1;Tvůrce cest (Jsi cesta);2025_12_07;
1;Přichází náš Pán;2025_12_07;
1;Benedictus, qui venit in nomine Domini;2025_12_07;
1;Chval ho o duše má;2025_12_14;
1;Хто ще як наш Господь;2025_12_14;
1;Хвалімо Хвалімо Бога небес;2025_12_14;
1;Ježíš Kristus On je král;2025_12_21;
1;Spí v jesličkách;2025_12_24;
1;Nd horama vyšla hvězda;2025_12_24;
1;V jeslích dítě spinká;2025_12_24;
1;Vyšla hvězda plápolavá;2025_12_28;
1;Velebí má duše Pána;2025_12_28;
1;V tu noc v čase půlnočním;2025_12_28;
